source_id,title,youtube_id,youtube_url,last_timestamp,transcript_words,transcript_sha256
1,Asking Billionaires If They Pay Taxes!,4uFVDpGTHPQ,https://www.youtube.com/watch?v=4uFVDpGTHPQ,"00:20:28,538",4884,a0f53b5d36c804cfeb678a5c7255d60c5f965ca6ebb4208da3b53292846bd221
2,Asking London Billionaires How They Got Rich!,mRJN1l_w-Co,https://www.youtube.com/watch?v=mRJN1l_w-Co,"00:19:04,512",5114,87a2fbc185e947033a4c13f1751e7b999736666b56b72907a2c4b9d1a9e5298c
3,Asking Billionaires If They Believe In God!,npnyOvchXZs,https://www.youtube.com/watch?v=npnyOvchXZs,"00:21:36,420",5529,c84826091d7d3b390bdd31701657969096ba4db489b74c613b6b138ee3a0d913
4,Asking Billionaires If Getting Rich Was Worth It,dK5bG5ZE3yI,https://www.youtube.com/watch?v=dK5bG5ZE3yI,"00:24:51,000",6549,94e5e4eac3b41aa28ce5cbc4502b35c4edbe57e834dea2013336b2b3d65a14a3
5,Asking Dallas Billionaires How They Got Rich!,rrDdi0vZn00,https://www.youtube.com/watch?v=rrDdi0vZn00,"00:25:54,300",6703,8322e1f6dfa824e4282a46ac8bd39940afcbcd972fd45a77abc659023e1d00f4
6,Asking Miami Billionaires How They Got Rich!,lU-bh2xPl4Y,https://www.youtube.com/watch?v=lU-bh2xPl4Y,"00:21:20,280",5443,038f109ba3ed72645ae4b9d517a62e73f10cc94d52843fbb7235279dd897dd20
7,Asking Beverly Hill Billionaires How They Got Rich!,uwh4gWNgb1w,https://www.youtube.com/watch?v=uwh4gWNgb1w,"00:17:39,159",4508,39c38658ce2f53e6a04bda4cf42f66b6eeee39b34f007416fb2fde5525427f8a
8,Asking Wealthy Americans How They Got Rich! (Palm Beach),AUaEd3_JbP8,https://www.youtube.com/watch?v=AUaEd3_JbP8,"00:26:46,250",6979,fbc53d719cae5077c260f6e64188a7b1e7f5a8ea89747cfac0a76e83e2d126b8
9,Asking NY Billionaires How They Got Rich!,DmDeNuTUetE,https://www.youtube.com/watch?v=DmDeNuTUetE,"00:22:04,738",5890,9cafb2a7bcc439e81908fb7b05ca8417363bac059770288fe9ba325d597da859
10,Asking Mega Mansion Owners How They Got Rich!,E_9nX5ReMcY,https://www.youtube.com/watch?v=E_9nX5ReMcY,"00:26:56,469",6869,f086f17532ee1d7b3c0d320095d02ebf89d290e015ed59f6142dd2104bc65501
11,Asking One of the Richest Men in Dubai How He Got Rich!,yUCRSAWh_ls,https://www.youtube.com/watch?v=yUCRSAWh_ls,"00:16:54,560",4042,b0758fcb64af5073331286ba827645a096c4b11cba27937f0fd1ff0a131d60e6
12,Asking Wealthy Americans How They Got So Rich! (Scottsdale),z810EM7Q5Mg,https://www.youtube.com/watch?v=z810EM7Q5Mg,"00:22:26,860",5920,ef99c79ffed09fc6e547efa3e91af628389a7ab4df78ccd95ee671a41af28799
13,Asking Millionaires How They Got Rich! (Silicon Valley),wOsnxJCy2p8,https://www.youtube.com/watch?v=wOsnxJCy2p8,"00:19:32,420",5139,11d4ab9028cd0143d49a00619c82934fcbd4f4018a6a511a57427b17dce3a0c7
14,Asking Millionaires How They Got RICH! (Philadelphia),hJYkUMV8I_s,https://www.youtube.com/watch?v=hJYkUMV8I_s,"00:20:56,639",5309,563766f27bd70a517e634c10e7e58d664f55b07823615b21bdbcbac821fabb92
15,I Asked Dana White How He Made $500 Million!,ZdUmqGB-XpA,https://www.youtube.com/watch?v=ZdUmqGB-XpA,"00:23:35,179",5935,9f0072eb214be9e9d7e74941497cd1b21817d111e881b4f06a6a9783562d6615
17,Asking Wall Street Moguls How They Got Rich!,AATw4YRFSw8,https://www.youtube.com/watch?v=AATw4YRFSw8,"00:20:42,620",5269,c51ab599ceb193b8d87587760a7645591c7fe347a53576a778ed3d0ee748a4f9
20,I Interviewed 30 Billionaires... Here’s What I Learned,aGrMOowjMag,https://www.youtube.com/watch?v=aGrMOowjMag,"00:24:41,400",6109,7dcc1c035ef0889d731c019de546d8ad1b8a858ab369eec491119482ef31a608
21,A 60 Year Old Millionaire Shares What Actually Made Him RICH!,t8FXPpfkxQY,https://www.youtube.com/watch?v=t8FXPpfkxQY,"00:18:58,760",4889,d6d9488e1c05654ea24f10cb1fbf1d685ed7d46987590ffbdad4f3ffb9af80f1
22,Asking Billionaire Women How They Got RICH!,2Q2JgVDvHV0,https://www.youtube.com/watch?v=2Q2JgVDvHV0,"00:23:03,040",5655,ca0fa2a250e1a266b6b8d57779dd4d63c17442f5e3d39ecbb8d5dedfd6798d78
23,Asking Millionaires How They Got RICH! (Chicago),nOL-StM6QnU,https://www.youtube.com/watch?v=nOL-StM6QnU,"00:17:40,260",4690,e689ed1986548008bb21d4b36f7d6194e3c9fcfaa6349f8544eac5802eeb4a9b
24,Asking Billionaires How They Got RICH! (Florida),zN087p7dHN0,https://www.youtube.com/watch?v=zN087p7dHN0,"00:20:00,480",5342,5597a0635b7732ce4fc5aefc7464c2fc9015285ab9d02933e3e0bba7325797ac
25,I Investigated the $1 Trillion Industry Nobody Talks About,7i0D5OMZzw0,https://www.youtube.com/watch?v=7i0D5OMZzw0,"00:19:17,460",4718,f09bc5817312642f6496f39cdacf4dc5167535152f848b58d13554c40158708a
26,I Asked Tom Cruise How He Made $600 Million,vMcZyzTNoIc,https://www.youtube.com/watch?v=vMcZyzTNoIc,"00:19:59,480",4960,00d8bb89356ef34b961ff5cbab810e1dc4db833d7d5ee65e8d2d39b4cf5e295e
27,Asking Billionaires How They Got RICH! (Boston),lXitjVjEhEs,https://www.youtube.com/watch?v=lXitjVjEhEs,"00:21:18,060",5123,e6a7317db643d5cb7700501f9f50dd7fdf7b04f0ed2f8fa1b6c7749bc155ba39
28,I Was the 199th Pick... Now I'm Worth $300M (Tom Brady),cTs9SgRk4SI,https://www.youtube.com/watch?v=cTs9SgRk4SI,"00:10:48,459",2750,b6a319945f47c19ad309e1632aad30d69f1c2af7991f1401d4063f15c004e980
29,"How I Turned $50,000 Into $20 Billion",n5EmUiLNVjg,https://www.youtube.com/watch?v=n5EmUiLNVjg,"00:16:30,336",4268,eca56b0f66435a3120fdcf1dd36b4bb75cc9f34932dcb98c3b328c02bd96725e
30,I Asked Adin Ross How He Made $100 Million,iRgdOE8Fags,https://www.youtube.com/watch?v=iRgdOE8Fags,"00:20:16,160",5667,3ae94b024335f1d9b78fda122a0963ba506a8b15809ec266e916f2c4f67ffb77
31,Asking the RICHEST People in the World How They Got RICH!,gBBlX7v0910,https://www.youtube.com/watch?v=gBBlX7v0910,"00:31:01,560",8266,50b9e7ceeab56a4e3e23034cd06d49fe015b8e8d44927ab24c1f859d4f5c6e86
32,Asking Wealthy Americans How They Got Rich!,TllMBc9YvKk,https://www.youtube.com/watch?v=TllMBc9YvKk,"00:24:53,380",6644,d6728905ab77aa5fb4062128bd0297b4ac5b9c247cd64d4b276dc8542d5b2a6e
33,I Asked Robert Herjavec How He Made $500 Million,9QTBl0R_cs8,https://www.youtube.com/watch?v=9QTBl0R_cs8,"00:21:13,340",5531,e52c92074f22c1026fc8e05fccc8b15351316ef4330e9cac168dc879eeb75921
34,"Asking A Billionaire Lawyer How To Make $1,000,000!",EF6-Ed2H2cE,https://www.youtube.com/watch?v=EF6-Ed2H2cE,"00:19:13,680",4645,40168cc168fb8f88585a7fdd71c70cc75d03cbfdb111cb813c1ca20250dc3cd1
35,Asking Millionaire Homeowners How They Got Rich,7Yx6-8nMbkc,https://www.youtube.com/watch?v=7Yx6-8nMbkc,"00:29:36,540",7627,b97d9d8241340ebb6bcf198e8a04df7d715b3e59509c8d91e1ebdfbc3e2c00c9
36,I Asked Will Smith How He Made $350 Million,9iWLPlPFdBY,https://www.youtube.com/watch?v=9iWLPlPFdBY,"00:17:02,020",3608,9ec435202ec645d7c2ef19859d4ef93a95b8cc2d5a8dd27bf828ea7e226d89e1
37,Asking Politicians How They Actually Got Rich!,eEg5ZjFxMmU,https://www.youtube.com/watch?v=eEg5ZjFxMmU,"00:23:16,796",6147,1faf19e1c59bca4b2bccd7cd4d2df6b71404a7b5152831aaed7ce36ba5351643
38,Asking Beverly Hills Billionaires How They Got So RICH!,uUwf3HM_bBg,https://www.youtube.com/watch?v=uUwf3HM_bBg,"00:22:50,140",6095,6f2df350b23bf05e742c6f5dada729b61c6a1754c3a1fc7cbf6e649cb9b4cb03
39,I Had $78... Now I’m Worth $100 Million,4fOaAGCuuJU,https://www.youtube.com/watch?v=4fOaAGCuuJU,"00:22:38,240",6000,28cef0647e7c6f53d47e9844826a16e4b4eb6049ab1f48dea886dd33abcb14f2
40,Meet the Billionaire Who Created LinkedIn (Then Sold It for $26B),q8u9vs2xjg4,https://www.youtube.com/watch?v=q8u9vs2xjg4,"00:16:11,300",4243,82c248aded55fbb23a740478c278de022c7e8cc48754c5a1e627f6eb489ffe60
41,Asking Palm Beach Billionaires How They Got So RICH!,gotxAQD0YkE,https://www.youtube.com/watch?v=gotxAQD0YkE,"00:22:52,180",6304,05e438fd6f412a318398a2e3ed68da61f9934e25b104085868c0cc2a1808401f
42,How I Turned –$20 Million Into $3.3 Billion,9YldQVM4u-I,https://www.youtube.com/watch?v=9YldQVM4u-I,"00:21:34,620",5085,ffe9aa5937d201488f4640fdc34bccc600b38c4194b7b61ba61e6a859ff875fa
43,Asking Texan Billionaires How They Got Rich!,uMXIsDecZ3s,https://www.youtube.com/watch?v=uMXIsDecZ3s,"00:20:36,940",5497,ff446ae243a7a04babd0c1fb4ca02be71bc15656e1f2cd0e69a378aaf03a3a8c
44,He Made $500 Million Playing Real Life Monopoly,DwrRvp_qsRk,https://www.youtube.com/watch?v=DwrRvp_qsRk,"00:13:12,940",3382,37998725378894e0def01c09224a2530d9eb7ad1ffa72fac85192a4c2da95ade
45,I Asked Miami’s Millionaire Elite How They Got Rich,8wU_31Wamcw,https://www.youtube.com/watch?v=8wU_31Wamcw,"00:15:23,180",4006,c93755b6020a1ed3b272b400eba797bdacc837d569d04f48bf1cdc9789365b54
46,I Was Broke.. Found God.. Now I Make $15M⧸Year,GCXhTFKVHkg,https://www.youtube.com/watch?v=GCXhTFKVHkg,"00:18:39,220",4983,d6db265b2229fe1dcfe2a71ccef3ceaa0b571e912c37aa9e38a073c3eca2d1ac
47,Asking Wall Street Millionaires How To Make $1 Million,bfIJxp9ckKU,https://www.youtube.com/watch?v=bfIJxp9ckKU,"00:17:03,980",4347,70d04d5c686bcd18eabd57c517e62edd3f199d1b1289f502ad8ba9c154c0c5da
48,"She Turned $1,000 Into a $66M Empire at 76 Years Old!",nswPe9PAgjo,https://www.youtube.com/watch?v=nswPe9PAgjo,"00:17:33,292",4710,4bfa66029cd0b185ec92fe445c350bd53cf535727f4782f9a1c1a295d1924152
49,Asking Bugatti Owners How They Got RICH!,_sAyC_CLqzg,https://www.youtube.com/watch?v=_sAyC_CLqzg,"00:20:15,379",4980,1fa18da130de43a3502828a14d2209fadd3f11395e161d9a911f6a7177929c72
50,Asking Dubai Supercar Owners How They Got RICH!,gZ0RTpQZf8A,https://www.youtube.com/watch?v=gZ0RTpQZf8A,"00:16:06,620",3758,d3a300519e7bd9c7175a386b9a714e3268b91276e8ddb6cd7bcb0a94dabbdf9e
51,Asking Women Billionaires How They Got Rich!,5E-lydM23gU,https://www.youtube.com/watch?v=5E-lydM23gU,"00:14:55,780",3828,00eacb1c0c366b6d343ce23edc1bbf8c4870d1d1c8c31ced6dfa9aff086c1cc8
52,Asking Dubai Moguls How They Got Rich!,vUumRjZX0n8,https://www.youtube.com/watch?v=vUumRjZX0n8,"00:19:34,840",5000,32d1af5161028ddfe0bc8d0cab52a29fa4edd1ab495a241137a29785eeb2ab51
53,I Was on Food Stamps... Now I Make $100M⧸Year,QJP9OXmI5_4,https://www.youtube.com/watch?v=QJP9OXmI5_4,"00:14:09,500",3516,fc96233873104513b7abac3e3fa526d1d191cc18bb5062d9c65a00e6f99b695b
54,Asking Dubai Billionaires How They Got RICH!,Latp0XujNXk,https://www.youtube.com/watch?v=Latp0XujNXk,"00:16:25,380",4102,e5d796ece12bf05bc06e106f97f2eaf322811ee3dd20b3f5a06ac9f34df27f92
55,Meet The Kid Who Interviews Billionaires For a Living,bPPc2coTClU,https://www.youtube.com/watch?v=bPPc2coTClU,"00:23:46,920",5632,d1d3fb37a3498677a274cbcc6457cf809a05852ffb29a30db406769612c93406
56,He Made $7M⧸Year And Paid Zero Taxes!,22CjsRG0sTc,https://www.youtube.com/watch?v=22CjsRG0sTc,"00:18:10,080",4609,aaffef3839d32c0b58072bb3f8e44e2c88fd350120fe57aef593237d705230f6
57,Young Entrepreneur Interviews SHAQ,0I0EPRu3DJ0,https://www.youtube.com/watch?v=0I0EPRu3DJ0,"00:10:02,260",2562,e283237cdfeaf8af3fd9f82e9f9836b983e89e65c47a6f66d9326590c77c7318
58,Asking Billionaires How They Got Rich! (Beverly Hills),qQIKf7YQBbA,https://www.youtube.com/watch?v=qQIKf7YQBbA,"00:16:34,060",4168,e599f38e1f87695b8bfacd86727fd7ab8b9a52d8156572f1996474e5d5208faa
59,Young Entrepreneur Interviews Patrick Bet-David,ZX_BJKKyDXo,https://www.youtube.com/watch?v=ZX_BJKKyDXo,"00:14:06,413",3398,10a55b53c7185a34d187c5654ac1a6574b8444bd22abf10d10b75149c3d90a16
60,Asking Billionaires How They Got Rich! (New York),JKkwS6FT7wY,https://www.youtube.com/watch?v=JKkwS6FT7wY,"00:14:56,780",3316,10fae13f1293fc9e843a7bc00dd19511a1e84d6511e11d0c495b757913ea1749
61,Asking Millionaires Who They're Voting For President,JMIE80d0Aoo,https://www.youtube.com/watch?v=JMIE80d0Aoo,"00:15:17,340",3573,32abb9da349ed0d8dc11faa18e3f1c4d9c92cf132c66e805807bfb59211e0e85
62,Asking San Francisco Millionaires How They Got Rich!,G_GZbtj0uP8,https://www.youtube.com/watch?v=G_GZbtj0uP8,"00:13:32,750",3217,cd8a7059b16c5aa05bfc7fda8834462503381b4a76e289fe55f4b26d56b240d0
63,Asking Houston Moguls How They Got Rich!,HEgFl6N2u4M,https://www.youtube.com/watch?v=HEgFl6N2u4M,"00:10:39,854",2577,a3c6753984e5720f0d2698780880fc14a2eab8979dd753238bdbdbfb39f024ee
64,Asking Wealthy Americans How They Got Rich! (Florida),oDJEZ-n9TCM,https://www.youtube.com/watch?v=oDJEZ-n9TCM,"00:12:40,340",3335,8711169411c9918d91523fd298dee56c5324b3fea8d58ba1b74bf5ac86242a56
65,Asking Las Vegas Millionaires How They Got Rich!,D0utmFm1l0o,https://www.youtube.com/watch?v=D0utmFm1l0o,"00:12:54,211",3059,e6c0e261ed16d3069783b9ab0531bfc77ca5331657e0cad262985a218d7a525e
66,Asking Miami Moguls How They Got Rich!,PWVoNu4ytEA,https://www.youtube.com/watch?v=PWVoNu4ytEA,"00:19:25,100",4820,f98b1d46eedce1a6c8feff16c75282b5c55e74d2e7bc8694f9d634307ed190a8
67,Asking Billionaires How They Got Rich! (Houston),IUIG4YG0T-Q,https://www.youtube.com/watch?v=IUIG4YG0T-Q,"00:13:43,298",3382,1ea7af9acd6f6fda9efbc81cb61bb71283e088e1a8502b4aea64ef8f53e072e9
68,I Had to Beg Borrow & Steal.. Now I Make $300 Million,d4Yuq3iP5eI,https://www.youtube.com/watch?v=d4Yuq3iP5eI,"00:22:21,420",5352,c041c4dd5463e216433746fb91e8f6d8a934fbd3c4d1c0899b3ce8d083075b36
69,Asking Wealthy Americans How They Got Rich! (Scottsdale),O5R1z_gPCSo,https://www.youtube.com/watch?v=O5R1z_gPCSo,"00:14:48,020",3626,c23479e88d689b642bbaf6f8296bb6450390cd10ad1e2efca411a0e8e62aa4ab
70,I Asked Wall Street Millionaires How They Got RICH!,OtWKuR2hU68,https://www.youtube.com/watch?v=OtWKuR2hU68,"00:14:30,200",3732,bc912e8def396cab3ca15c9f0da4772db5d51bb3b0ceef44ef5b033e65364553
71,Asking Millionaires How They Got RICH! (Dallas),JsEUa3mMGe0,https://www.youtube.com/watch?v=JsEUa3mMGe0,"00:13:17,980",3577,4c572286a838e0b06115c37d1753907cdeebbfee3222b69b898b911fac012647
72,I Was Bankrupt… Now I’ve Made $3 Billion,9aBfrKtWJc8,https://www.youtube.com/watch?v=9aBfrKtWJc8,"01:04:10,080",15907,1287c301be6511ee36a42b0d48091c46bb093ef1b9f8518660159803c5abb9ad
73,Asking Billionaires How They Got RICH!,PN9Z4QH8X2w,https://www.youtube.com/watch?v=PN9Z4QH8X2w,"00:13:28,393",3586,9e4874dbbddaaaad827945c8398230122d82683043c98eca68c4b14360befb99
74,Young Entrepreneur Interviews Millionaire Justin Waller,6lmwLam3f4k,https://www.youtube.com/watch?v=6lmwLam3f4k,"00:09:18,540",2564,120f2fed7bedd87d489c00e9ced47959731bec8c7034393fe2a06072b4496720
75,Asking Salt Lake City Millionaires How They Got RICH!,90A-xjDipk4,https://www.youtube.com/watch?v=90A-xjDipk4,"00:11:56,120",2848,b682342145e4025d6c25cede87012ffc0b7920117c577298620f8fe6d9f4f317
76,Asking Scottsdale Millionaires How They Got Rich,sExOe8q1QBc,https://www.youtube.com/watch?v=sExOe8q1QBc,"00:17:47,967",4557,e544d5116f70e5f77fba4f7e4db24a03dae4b692ba9ae627ff40f5a2897e8d6f
77,Asking Supercar Owners How They Got RICH! (Florida),n7FLA5IZkWA,https://www.youtube.com/watch?v=n7FLA5IZkWA,"00:13:37,378",3409,24386a7e56842c0554915bc32723abe4c7d493868d76f97e026e04071a9109f4
78,Asking Millionaire Golfers How They Got RICH!,9FZ7chhIfUM,https://www.youtube.com/watch?v=9FZ7chhIfUM,"00:12:00,020",2933,0b839607201ac4014a279ffc1d74dbd1ddf1534d6bf5943ba4f17edc3fb792a5
79,Asking Atlanta Millionaires How They Got RICH!,2tRPK9s4p5k,https://www.youtube.com/watch?v=2tRPK9s4p5k,"00:13:07,579",3359,d7e790ffc8fffd2d2d31e584813bfae243f599822fcfb80a4272e0bf434b5b45
80,Asking Millionaires How They Got RICH! (New York City),PFvRtVvP-Bo,https://www.youtube.com/watch?v=PFvRtVvP-Bo,"00:11:59,339",3087,d37dfb2e5cb9310fd86d786227b83ec5693192ad6d5dc9d25b89d313e54e37bd
81,Asking Supercar Owners How They Got RICH! (Las Vegas),n3_QuKa208w,https://www.youtube.com/watch?v=n3_QuKa208w,"00:14:39,640",3893,93c832ce074e380f65bcb03ba31e17003fc1472101d420ef8906b01eee00ea82
82,I Asked Californian Millionaires How Much Money They LOST,6WweLDK6oiY,https://www.youtube.com/watch?v=6WweLDK6oiY,"00:12:40,660",3239,9cef480a67f40c0f8b90dbde4806816e818b41a1fe7e73a61c00fc120ea3be6b
83,I Asked Miami Millionaires How They Got Rich,ZFkKWGnm1PA,https://www.youtube.com/watch?v=ZFkKWGnm1PA,"00:17:10,139",4579,82954a5f25a33a14f86c1aa318f1aaa4e925509886fb87e588f4162b2e086265
84,Asking Luxury Shoppers How They Got RICH! (Dallas),ts5-LCzCUuE,https://www.youtube.com/watch?v=ts5-LCzCUuE,"00:13:04,680",3416,ce451209c9654cc8f2637567e520eedb6dff4b7e0095df1dc93ddad863b1e4ab
85,Asking Yacht Owners How They Got RICH!,hRFCQAIa0gA,https://www.youtube.com/watch?v=hRFCQAIa0gA,"00:14:08,620",3702,635dc2e00a5cf377a06c38a246dc4b873434e8070892f9177103eec126f05331
87,Asking Holiday Shoppers How They Got RICH!,eSkosEaDnDw,https://www.youtube.com/watch?v=eSkosEaDnDw,"00:11:55,197",3057,316a64c0348604055587b597b942e9e79e21f2628a31b98683838555bfc80005
88,Asking Texas Millionaires How They Got RICH!,exeXKslPiDI,https://www.youtube.com/watch?v=exeXKslPiDI,"00:12:09,480",2915,6e13e5a8c5c9cc3d49b1ca212e8c996eb22ce25fa1effb98e269405c66962238
89,Asking Miami Millionaires How to Get RICH!,BaxpJArMn9Y,https://www.youtube.com/watch?v=BaxpJArMn9Y,"00:14:17,501",3443,d0111d1bda7fdc44362a38e08a5681ba1be688603e0bbd32f4f737bc237253e9
90,How He Built A $200 Million⧸Year Security Company,prPvzJwgHqg,https://www.youtube.com/watch?v=prPvzJwgHqg,"00:15:41,280",3898,5db733cc615822d1fe017eb6dca5cb5152e7b06a0fab4cf8c3d67453ec477427
91,Asking Millionaires How They Got RICH! (Scottsdale),nReWQdfRSC8,https://www.youtube.com/watch?v=nReWQdfRSC8,"00:12:22,760",3372,33340300687363a0ecca7d5a74996f890a9c20bb7c790113de284d0c3b8e1ad3
92,Asking Calabasas Millionaires How They Got RICH!,kJ7HiO27n1g,https://www.youtube.com/watch?v=kJ7HiO27n1g,"00:09:13,819",2333,0bb409fcb93eda9f4c480519d279d43c46a367c782e031bb57912740aa6021ee
93,Asking Millionaire Homeowners How They Got Rich,_5yi6XW4Av8,https://www.youtube.com/watch?v=_5yi6XW4Av8,"00:12:13,459",2890,f31de4060dca19ebc537074124ce5858d24b3a6c37dae4dbe4fb879a756511b0
94,Asking Orlando Millionaire’s How They Got RICH!,YU_58awAISY,https://www.youtube.com/watch?v=YU_58awAISY,"00:10:23,400",2895,e700a1cf7b68cb47078f085da2b93f0df06db067052c075fddbb2f48af0a72ae
95,Asking Beverly Hills Millionaires How They Got RICH!,xe3GmH-mBQI,https://www.youtube.com/watch?v=xe3GmH-mBQI,"00:13:13,360",3442,d5f27605a08612f940512d121fc49e0ef68766f8931e793e4aeb99da14014938
96,Asking A 27 Year Old How to Make $300 Million,V6I3R5Z-YZI,https://www.youtube.com/watch?v=V6I3R5Z-YZI,"00:20:52,458",4865,7201e66e771433d9a9f7718d73cce5d588279e22791636c9b50094fcde8e0250
97,Asking Supercar Owners How They Got RICH!,G2kqG3kDdGo,https://www.youtube.com/watch?v=G2kqG3kDdGo,"00:16:15,199",4385,fad18b24feaa013ef15aae900fb3e027d593ce2d059345162d2d12d9fc28730f
98,Asking Millionaires How They Got RICH! (Austin),pBjoezYFA0Y,https://www.youtube.com/watch?v=pBjoezYFA0Y,"00:14:16,680",3505,8d1941e3ccb5f3498e08355ade90243183dbd5ae359c51cb0edf5d82df8b0302
99,Meet The Most Interesting Man On The Planet,3K43YBxUp0I,https://www.youtube.com/watch?v=3K43YBxUp0I,"00:19:12,568",3932,d23e4a86390804fcdf5175759040846d4e14f9a1dc1368f0e964dbb638de97f2
100,Asking Luxury Shoppers How They Got RICH! (Miami),ZHFNlM0xG4U,https://www.youtube.com/watch?v=ZHFNlM0xG4U,"00:15:17,800",3880,406b5c37f884211932f526f0f5c530e98575bb7a3bdd167bed74a88180fc4a25
101,Asking Millionaires How They Got RICH! (Miami),BP548td2dds,https://www.youtube.com/watch?v=BP548td2dds,"00:18:11,040",4334,70e66af4b7a377b85bf1e4e5e41c960128fc56e49784214588a36ed356f9d515
102,Young Entrepreneur Interviews Billionaire Grant Cardone,yOSsd1Tpno4,https://www.youtube.com/watch?v=yOSsd1Tpno4,"00:44:28,704",9439,d318a6ab0afab3a0c4697e3ac45f98979a14178765a8560f414fcc68648dc80c
103,Asking Millionaires How They Got RICH! (Dallas),jJxwJhdKb1s,https://www.youtube.com/watch?v=jJxwJhdKb1s,"00:14:51,940",3719,15190b75e307984765ca6ff553ca0e3205fb7cb90455da5b22310478a91f545b
104,From $0 To $12M A Year At 26Years Old. Here’s How,7Cxfg0N_MUw,https://www.youtube.com/watch?v=7Cxfg0N_MUw,"00:08:13,000",1871,7dd1c1d2cfbe8f1ab15280c923faefad7cf661d7935389bb9503881c03d4da38
105,Asking Millionaire Homeowners How They Got Rich,H1Dt1Pz-B4g,https://www.youtube.com/watch?v=H1Dt1Pz-B4g,"00:15:34,378",3828,306a1078d30d40a4cf3f0936a7193c441349589e0ed456a887a20edbaf4825fc
106,Asking Millionaires How They Got RICH! (Houston),FLgy1LvYTDI,https://www.youtube.com/watch?v=FLgy1LvYTDI,"00:11:56,980",3007,0b58e51555f461e895177649acc18b11cdb370547e79b8e13d25eebd22f6f65f
107,6 Questions With A Public CEO,bmQRL82f-5I,https://www.youtube.com/watch?v=bmQRL82f-5I,"00:20:29,460",3849,d824a0565ec8457def98c49d6d066601147a0e36567173a50d81630aa60ddf25
108,The Single Skill That Built His $100M Year Business,oRqUthcMi6I,https://www.youtube.com/watch?v=oRqUthcMi6I,"00:14:53,760",3080,f809fa7412437b76b94beab0a85694401b2331f276633795bbca48d404f69e3d
109,Asking Miami Luxury Shoppers How They Got Rich,efJj9j2NRJg,https://www.youtube.com/watch?v=efJj9j2NRJg,"00:11:59,360",2849,8cbc33e84c4d00f937fc77d4359e4ae86cc099c10988c4d3102bd2150a7bdc52
110,He Turned $100k Into $25M,lAOliWexJgo,https://www.youtube.com/watch?v=lAOliWexJgo,"00:17:15,460",4320,6c33df7bf7a3d4be91f24dcfa11e9d0f5ac62b5b7b15f4630f701890a0a95872
111,Asking Miami Millionaires How They Got Rich,O_FWBldliEo,https://www.youtube.com/watch?v=O_FWBldliEo,"00:14:43,780",3560,7937f1a5c40439f47b4f0ac9fe1eec12a95ac9ec1829cef31ce7051a27ac24e8
112,Asking Orlando Millionaires How They Got Rich,C2lgZOIPp8c,https://www.youtube.com/watch?v=C2lgZOIPp8c,"00:12:43,140",3230,6fcc23aa07836328246b26e2113de7fb297489eb4f8f91532f8ffc4e8ed833a4
113,"Asking Strangers How Much MONEY They Make (Austin, Texas)",1m7ERHu13sc,https://www.youtube.com/watch?v=1m7ERHu13sc,"00:11:00,180",2864,c79c8622653ee336690ef0d00b5f9416c58f5854f9f24523f4c7bb7d66d85200
114,Asking A Tech Millionaire How To Start & Scale a Tech Company,3G79t-mcgJ8,https://www.youtube.com/watch?v=3G79t-mcgJ8,"00:12:47,600",3031,0e64355831d054e2f02d240c99e6355c2df8c2b262167f130940781dbef77323
115,Asking Denver Millionaires How Much Money They Make,w1bpdHouHpI,https://www.youtube.com/watch?v=w1bpdHouHpI,"00:07:07,220",1845,a1bf0d4f77b23cf311ec3f81b97f606cca3ecdbcd4a838be9e2377994b6243cd
117,Asking Millionaires How They Got RICH! (Houston),Kq4nx8DLrpY,https://www.youtube.com/watch?v=Kq4nx8DLrpY,"00:09:50,100",2676,ffbd2888127f233a3766de6d529887935c2392b95ae619cb44941ef9869d769c
118,Entrepreneurs Guide To Start and Scale ANY Business,MtvcqGNGev8,https://www.youtube.com/watch?v=MtvcqGNGev8,"00:08:44,700",2053,67b85678f7ad79846106ca5e469657bd479025fd8356c86f1f322fa5b708d32a
119,How to Make $2 Million in Commercial Real Estate,3aG9DVb6vBs,https://www.youtube.com/watch?v=3aG9DVb6vBs,"00:09:12,260",2105,0bf706e178060857a4f2d78a98107cc0ce3d778d85c1f3b1af164e200d8d061d
120,Asking Entrepreneurs How They Got RICH! (San Antonio),Iw7huxwfHRM,https://www.youtube.com/watch?v=Iw7huxwfHRM,"00:09:46,860",2395,205b12be95091446da4d8ea80ff241a7c6b6da861f2cef9aefe40e698c51087a
121,Asking Golf Course Millionaires How They Got Rich,RGt99we0cGA,https://www.youtube.com/watch?v=RGt99we0cGA,"00:10:28,100",2589,de57e58d574f626ff5f8b45dcd81b56ce55d2e21e0e4a99cf5fe3a6dd347c38f
122,HOW TO GET EVERYTHING YOU WANT IN LIFE Ft. Josh Terry,_wo0ox2mSjc,https://www.youtube.com/watch?v=_wo0ox2mSjc,"00:09:29,060",2293,7db9ea9ecff2e5b8ea688bb3be67391285f20a2b25e931c96e23c319a4a20e70
123,Asking a Private Equity Millionaire How He Got Rich,uf0Or7n8_bU,https://www.youtube.com/watch?v=uf0Or7n8_bU,"00:16:17,420",3938,10fe3f74a353759fbff037e4c449b34ac9fa1b734404dd58c46c396c1a09f5f3
124,"Asking Millionaires How To Make $1,000,000!",O_pe_5L769E,https://www.youtube.com/watch?v=O_pe_5L769E,"00:08:30,359",1996,04a9e1c18b5c06ef4ff1de3e9ee71e3555e0fd5f72b20b9a1b2eb9f0fd33543b
125,Entrepreneurs interesting perspective to building wealth,RI8aZSK1Nr4,https://www.youtube.com/watch?v=RI8aZSK1Nr4,"00:00:31,540",110,a600f52e67f5e26a6f6efda54b0e3c44f048b1cad9163a6ebd409c81c2259fec
126,Fashion Entrepreneurs Wise Life Advice,Kl2_ddXq0QU,https://www.youtube.com/watch?v=Kl2_ddXq0QU,"00:00:29,120",138,8fca7d236ae2ae85cd9d1ab61b6f8ca6913ed5655acdf04a72797de04f757867
127,Serial Entrepreneurs Advice For Overcoming Obstacles in Business,94KT6kW4qQ0,https://www.youtube.com/watch?v=94KT6kW4qQ0,"00:00:26,340",107,36b7e6714e1d3a57ac56edd6486bab4818ed694d99b1af3b76ff70187ad3d9a1
128,Commercial Real Estate Brokers Advice To Young People,bFnlLPuGoIM,https://www.youtube.com/watch?v=bFnlLPuGoIM,"00:00:41,320",201,6581df0115df38f890044b01231a418981b0a0c3bb142f65ea19de8a38769fab
129,How Can Someone Break Into The Tech Industry？,fEX1Oy51iJs,https://www.youtube.com/watch?v=fEX1Oy51iJs,"00:00:45,209",222,11569459dbb47761cb9f9d29f655ced9a4db6d6dd1bef7072ebebfa222505ec8
130,He Made $1 Billion. Does Money Buy Happiness？,48TQYZOgE1s,https://www.youtube.com/watch?v=48TQYZOgE1s,"00:00:36,120",136,58c6fe78043c0a3507d85fd45110754f755f5eb9e06c1fdc4babbe1b535398e5
131,From Summit to Success： Entrepreneur's Billion-Dollar Lesson from 'Into Thin Air,8GgL-uvICKY,https://www.youtube.com/watch?v=8GgL-uvICKY,"00:01:29,559",417,515ad7f0bb7cb2349835ff8ea5514d0adeec9fd09483afc191effe10137e4753
132,"How I Turned $1,000 Into $1 Billion",MQv7Te8VmYI,https://www.youtube.com/watch?v=MQv7Te8VmYI,"00:16:34,545",3836,27d8d6191c9cdd062e24d5a20a0ddbe1767e068bd9595a8aa26102562330a6da
133,Life After Selling Your Company For $1 Billion,BT6YGOROV6c,https://www.youtube.com/watch?v=BT6YGOROV6c,"00:15:52,940",3703,e8d25a123fff8cbfe8c94acdb13145c9a821f33f7c673ce31fdfe1fd72125475
134,10 Questions with a Millionaire： Founder & E-commerce Entrepreneur Robert Miller,TpVlJpiV6U8,https://www.youtube.com/watch?v=TpVlJpiV6U8,"00:14:34,640",3824,2590eafaac910c3a3fe94f289bdbafda31fe5c05e8699e44b9369e86c9e3034e
135,Asking Texan’s Their Best Life Advice (DALLAS!),8M5QEOicQKQ,https://www.youtube.com/watch?v=8M5QEOicQKQ,"00:06:20,500",1590,74a63fe1e8c756fc1f7e78146002458b4e9460cf84de1be1a135e2d6b005c5b3
136,I Asked Texan Millionaires Their Best Financial Decision,Q0cgOMI5gn0,https://www.youtube.com/watch?v=Q0cgOMI5gn0,"00:07:15,520",1734,9f44e73e46714e35b37129172cf7a2c3997f9c3c7b6e12d0213fb0e05ef19bba
137,Why You Need To Learn Sales Before You Start A Company,LdMyHHbDdaM,https://www.youtube.com/watch?v=LdMyHHbDdaM,"00:00:44,880",157,e043e06b5c4b11f5825e96e4b61136b525f8b5b31ab82c104f376eafa6d76290
138,10 Questions with a Real Estate Millionaire： Tips for Building Wealth and Success,cttsP_8MjEo,https://www.youtube.com/watch?v=cttsP_8MjEo,"00:13:49,580",3003,91bf73cb2ef9526ec6554a8509664af5cf71a44dddeb38dfd72837bb3184b8fd
139,Asking Millionaires What They Are Investing in,67T9EMIvOlA,https://www.youtube.com/watch?v=67T9EMIvOlA,"00:08:31,099",1799,411b982913e12e8aff11759a37f3612fa2a33b150f692e0a8bb8fd41232543ff
140,These Millionaires Gave Us Life Changing Advice...,jR6g__ogNkc,https://www.youtube.com/watch?v=jR6g__ogNkc,"00:12:00,720",2545,b8a5c0f5e5d4002be5012b0029a4d84874b694efaaa0bd6b6c3e959a1c3ee9a8
